{
    "id":"com.gm.microapp.home",
    "name":"com.gm.microapp.home",
    "version":2,
    "downloadUrl":"http://127.0.0.1:8000/com.gm.microapp.home.2.zip",
    "engine_version":"1.0.0",
    "router":{
        "navBar":{
            "hide": true
        },
        "statusBar":{
            "color":"#fff000"
        }
    },
    
    "permission":{
        "secrect":["accesstoken"],
        "module":{
            "com.zkty.module.router":{
                "scope":"all"
            },
            "com.zkty.module.scan":{
                "scope":"all"
            },
            "com.zkty.jsi.ui":{
                "scope":"all"
            },
            "com.zkty.jsi.direct":{
                "scope":"all"
            }
        },
        "network":{
            "strict":true,
            "white_host_list":[
                "bjgc11.gos.gomedc.com",
                "10.115.91.39",
                "10.115.91.52",
                "img.yzcdn.cn"
            ]
        }
    }
}
